Username,Hashed Password,OTP_1,OTP_2,OTP_3,OTP_4,OTP_5,OTP_6,OTP_7,OTP_8,OTP_9,OTP_10
user1,EUfD0fVlHEKkigIFiga4CYxVFIlwfRFD,usr0key0,usr0key1,usr0key2,usr0key3,usr0key4,usr0key5,usr0key6,usr0key7,usr0key8,usr0key9
user2,FDhI0Ga1JGEo0hKKGeD5BV4GBJj3cFFD,usr1key0,usr1key1,usr1key2,usr1key3,usr1key4,usr1key5,usr1key6,usr1key7,usr1key8,usr1key9
user3,DKJExNY4RGBrycSCHVF0ZV1NDE3zZODK,usr2key0,usr2key1,usr2key2,usr2key3,usr2key4,usr2key5,usr2key6,usr2key7,usr2key8,usr2key9
user4,gYahidJtRIa3qDZXHBZugLmCfS7vBSIg,usr3key0,usr3key1,usr3key2,usr3key3,usr3key4,usr3key5,usr3key6,usr3key7,usr3key8,usr3key9
user5,FYCTshE4RgY9uKEXfPfqZSmaVcBmcSgW,usr4key0,usr4key1,usr4key2,usr4key3,usr4key4,usr4key5,usr4key6,usr4key7,usr4key8,usr4key9
user6,TVPD5BIjXBJjiPYFDhVnTa1JTXx0hKTV,usr5key0,usr5key1,usr5key2,usr5key3,usr5key4,usr5key5,usr5key6,usr5key7,usr5key8,usr5key9
user7,EUfD0fVlHEWh0ccCXfGmDW4bGRlxOIBK,usr6key0,usr6key1,usr6key2,usr6key3,usr6key4,usr6key5,usr6key6,usr6key7,usr6key8,usr6key9
user8,FDhD5Ba1JBJj0hKFDhD5Ba1JBJj0hKFD,usr7key0,usr7key1,usr7key2,usr7key3,usr7key4,usr7key5,usr7key6,usr7key7,usr7key8,usr7key9
user9,TXBdrVDudiW4uGbTXBdrVDudiW4uGbTX,usr8key0,usr8key1,usr8key2,usr8key3,usr8key4,usr8key5,usr8key6,usr8key7,usr8key8,usr8key9
user10,EUfD4CYxVFIl1iFTGfD5BXiHFIk2dWBG,usr9key0,usr9key1,usr9key2,usr9key3,usr9key4,usr9key5,usr9key6,usr9key7,usr9key8,usr9key9
